{
    "pacientes": [
        {
            "nombre": "Juan",
            "apellido": "Pérez Sanchez Disalvo",
            "dni": "12345678",
            "telefono": "123456789",
            "obra_social": "OSDE",
            "fecha_hora": "2024-11-10 14:30"
        },
        {
            "nombre": "Felipe Luis",
            "apellido": "Bustamante Faule",
            "dni": "122335458",
            "telefono": "254564344",
            "obra_social": "OSDE",
            "fecha_hora": "2024-11-10 14:45"
        },
        {
            "nombre": "Ana",
            "apellido": "García",
            "dni": "87654321",
            "telefono": "987654321",
            "obra_social": "Swiss Medical",
            "fecha_hora": "2024-11-10 15:00"
        }
        
    ]
}
